pred,Aff
"[[1 1 1 1 1 1 1 1 1 1]
 [1 1 1 1 1 1 1 1 1 1]
 [1 1 1 1 1 1 1 1 1 1]
 [1 1 1 1 1 1 1 1 1 1]
 [1 1 1 1 1 1 1 1 1 1]
 [1 1 1 1 1 1 1 1 1 1]
 [1 1 1 1 1 1 1 1 1 1]
 [1 1 1 1 1 1 1 1 1 1]
 [1 1 1 1 1 1 1 1 1 1]
 [1 1 1 1 1 1 1 1 1 1]]","[[-1  1 -1 -1 -1 -1 -1 -1 -1 -1]
 [-1 -1 -1 -1 -1  1 -1 -1 -1 -1]
 [-1 -1 -1 -1  1 -1 -1 -1 -1 -1]
 [-1 -1 -1 -1 -1 -1 -1 -1  1 -1]
 [-1 -1 -1 -1 -1 -1  1 -1 -1 -1]
 [ 1 -1 -1 -1 -1 -1 -1 -1 -1 -1]
 [-1 -1 -1 -1 -1 -1 -1 -1 -1  1]
 [-1 -1 -1  1 -1 -1 -1 -1 -1 -1]
 [-1 -1 -1 -1 -1 -1 -1  1 -1 -1]
 [-1 -1  1 -1 -1 -1 -1 -1 -1 -1]]"
"[[1 1 1 1 1 1 1 1 1 1]
 [1 1 1 1 1 1 1 1 1 1]
 [1 1 1 1 1 1 1 1 1 1]
 [1 1 1 1 1 1 1 1 1 1]
 [1 1 1 1 1 1 1 1 1 1]
 [1 1 1 1 1 1 1 1 1 1]
 [1 1 1 1 1 1 1 1 1 1]
 [1 1 1 1 1 1 1 1 1 1]
 [1 1 1 1 1 1 1 1 1 1]
 [1 1 1 1 1 1 1 1 1 1]]","[[-1 -1  1 -1 -1 -1 -1 -1 -1 -1]
 [-1 -1 -1 -1 -1 -1  1 -1 -1 -1]
 [-1 -1 -1 -1 -1  1 -1 -1 -1 -1]
 [-1 -1 -1 -1 -1 -1 -1 -1 -1  1]
 [-1 -1 -1 -1  1 -1 -1 -1 -1 -1]
 [-1 -1 -1 -1 -1 -1 -1  1 -1 -1]
 [-1 -1 -1 -1 -1 -1 -1 -1  1 -1]
 [-1  1 -1 -1 -1 -1 -1 -1 -1 -1]
 [ 1 -1 -1 -1 -1 -1 -1 -1 -1 -1]
 [-1 -1 -1  1 -1 -1 -1 -1 -1 -1]]"
"[[1 1 1 1 1 1 1 1 1 1]
 [1 1 1 1 1 1 1 1 1 1]
 [1 1 1 1 1 1 1 1 1 1]
 [1 1 1 1 1 1 1 1 1 1]
 [1 1 1 1 1 1 1 1 1 1]
 [1 1 1 1 1 1 1 1 1 1]
 [1 1 1 1 1 1 1 1 1 1]
 [1 1 1 1 1 1 1 1 1 1]
 [1 1 1 1 1 1 1 1 1 1]
 [1 1 1 1 1 1 1 1 1 1]]","[[-1 -1 -1 -1  1 -1 -1 -1 -1 -1]
 [-1  1 -1 -1 -1 -1 -1 -1 -1 -1]
 [-1 -1  1 -1 -1 -1 -1 -1 -1 -1]
 [-1 -1 -1 -1 -1 -1  1 -1 -1 -1]
 [-1 -1 -1  1 -1 -1 -1 -1 -1 -1]
 [-1 -1 -1 -1 -1  1 -1 -1 -1 -1]
 [-1 -1 -1 -1 -1 -1 -1 -1 -1  1]
 [-1 -1 -1 -1 -1 -1 -1 -1  1 -1]
 [-1 -1 -1 -1 -1 -1 -1  1 -1 -1]
 [ 1 -1 -1 -1 -1 -1 -1 -1 -1 -1]]"
"[[1 1 1 1 1 1 1 1 1 1]
 [1 1 1 1 1 1 1 1 1 1]
 [1 1 1 1 1 1 1 1 1 1]
 [1 1 1 1 1 1 1 1 1 1]
 [1 1 1 1 1 1 1 1 1 1]
 [1 1 1 1 1 1 1 1 1 1]
 [1 1 1 1 1 1 1 1 1 1]
 [1 1 1 1 1 1 1 1 1 1]
 [1 1 1 1 1 1 1 1 1 1]
 [1 1 1 1 1 1 1 1 1 1]]","[[ 1 -1 -1 -1 -1 -1 -1 -1 -1 -1]
 [-1 -1 -1 -1 -1 -1  1 -1 -1 -1]
 [-1 -1  1 -1 -1 -1 -1 -1 -1 -1]
 [-1 -1 -1 -1 -1 -1 -1  1 -1 -1]
 [-1 -1 -1 -1 -1  1 -1 -1 -1 -1]
 [-1  1 -1 -1 -1 -1 -1 -1 -1 -1]
 [-1 -1 -1 -1  1 -1 -1 -1 -1 -1]
 [-1 -1 -1  1 -1 -1 -1 -1 -1 -1]
 [-1 -1 -1 -1 -1 -1 -1 -1 -1  1]
 [-1 -1 -1 -1 -1 -1 -1 -1  1 -1]]"
"[[1 1 1 1 1 1 1 1 1 1]
 [1 1 1 1 1 1 1 1 1 1]
 [1 1 1 1 1 1 1 1 1 1]
 [1 1 1 1 1 1 1 1 1 1]
 [1 1 1 1 1 1 1 1 1 1]
 [1 1 1 1 1 1 1 1 1 1]
 [1 1 1 1 1 1 1 1 1 1]
 [1 1 1 1 1 1 1 1 1 1]
 [1 1 1 1 1 1 1 1 1 1]
 [1 1 1 1 1 1 1 1 1 1]]","[[-1 -1 -1  1 -1 -1 -1 -1 -1 -1]
 [-1  1 -1 -1 -1 -1 -1 -1 -1 -1]
 [-1 -1 -1 -1 -1 -1  1 -1 -1 -1]
 [ 1 -1 -1 -1 -1 -1 -1 -1 -1 -1]
 [-1 -1  1 -1 -1 -1 -1 -1 -1 -1]
 [-1 -1 -1 -1  1 -1 -1 -1 -1 -1]
 [-1 -1 -1 -1 -1  1 -1 -1 -1 -1]
 [-1 -1 -1 -1 -1 -1 -1 -1  1 -1]
 [-1 -1 -1 -1 -1 -1 -1  1 -1 -1]
 [-1 -1 -1 -1 -1 -1 -1 -1 -1  1]]"
"[[1 1 1 1 1 1 1 1 1 1]
 [1 1 1 1 1 1 1 1 1 1]
 [1 1 1 1 1 1 1 1 1 1]
 [1 1 1 1 1 1 1 1 1 1]
 [1 1 1 1 1 1 1 1 1 1]
 [1 1 1 1 1 1 1 1 1 1]
 [1 1 1 1 1 1 1 1 1 1]
 [1 1 1 1 1 1 1 1 1 1]
 [1 1 1 1 1 1 1 1 1 1]
 [1 1 1 1 1 1 1 1 1 1]]","[[-1 -1 -1  1 -1 -1 -1 -1 -1 -1]
 [-1 -1 -1 -1 -1 -1 -1 -1  1 -1]
 [-1 -1 -1 -1 -1  1 -1 -1 -1 -1]
 [-1 -1 -1 -1  1 -1 -1 -1 -1 -1]
 [-1 -1  1 -1 -1 -1 -1 -1 -1 -1]
 [-1 -1 -1 -1 -1 -1  1 -1 -1  1]
 [-1 -1 -1 -1 -1 -1  1 -1 -1  1]
 [-1 -1 -1 -1 -1 -1 -1  1 -1 -1]
 [ 1 -1 -1 -1 -1 -1 -1 -1 -1 -1]
 [-1  1 -1 -1 -1 -1 -1 -1 -1 -1]]"
"[[1 1 1 1 1 1 1 1 1 1]
 [1 1 1 1 1 1 1 1 1 1]
 [1 1 1 1 1 1 1 1 1 1]
 [1 1 1 1 1 1 1 1 1 1]
 [1 1 1 1 1 1 1 1 1 1]
 [1 1 1 1 1 1 1 1 1 1]
 [1 1 1 1 1 1 1 1 1 1]
 [1 1 1 1 1 1 1 1 1 1]
 [1 1 1 1 1 1 1 1 1 1]
 [1 1 1 1 1 1 1 1 1 1]]","[[-1  1 -1 -1 -1 -1 -1 -1 -1 -1]
 [-1 -1  1 -1 -1 -1 -1 -1 -1  1]
 [-1 -1 -1 -1 -1  1 -1  1 -1 -1]
 [-1 -1 -1 -1 -1 -1  1 -1 -1 -1]
 [-1 -1 -1 -1 -1 -1 -1 -1  1 -1]
 [-1 -1 -1 -1  1 -1 -1 -1 -1 -1]
 [-1 -1  1 -1 -1 -1 -1 -1 -1  1]
 [-1 -1 -1 -1 -1  1 -1  1 -1 -1]
 [ 1 -1 -1  1 -1 -1 -1 -1 -1 -1]
 [ 1 -1 -1  1 -1 -1 -1 -1 -1 -1]]"
"[[1 1 1 1 1 1 1 1 1 1]
 [1 1 1 1 1 1 1 1 1 1]
 [1 1 1 1 1 1 1 1 1 1]
 [1 1 1 1 1 1 1 1 1 1]
 [1 1 1 1 1 1 1 1 1 1]
 [1 1 1 1 1 1 1 1 1 1]
 [1 1 1 1 1 1 1 1 1 1]
 [1 1 1 1 1 1 1 1 1 1]
 [1 1 1 1 1 1 1 1 1 1]
 [1 1 1 1 1 1 1 1 1 1]]","[[-1 -1 -1 -1 -1  1 -1 -1 -1 -1]
 [-1 -1 -1 -1 -1 -1 -1 -1  1 -1]
 [-1 -1 -1 -1 -1 -1 -1 -1 -1  1]
 [ 1 -1 -1 -1 -1 -1 -1 -1 -1 -1]
 [-1  1 -1 -1 -1 -1 -1 -1 -1 -1]
 [-1 -1  1 -1 -1 -1 -1 -1 -1 -1]
 [-1 -1 -1 -1 -1 -1 -1  1 -1 -1]
 [-1 -1 -1 -1 -1 -1  1 -1 -1 -1]
 [-1 -1 -1 -1  1 -1 -1 -1 -1 -1]
 [-1 -1 -1  1 -1 -1 -1 -1 -1 -1]]"
"[[1 1 1 1 1 1 1 1 1 1]
 [1 1 1 1 1 1 1 1 1 1]
 [1 1 1 1 1 1 1 1 1 1]
 [1 1 1 1 1 1 1 1 1 1]
 [1 1 1 1 1 1 1 1 1 1]
 [1 1 1 1 1 1 1 1 1 1]
 [1 1 1 1 1 1 1 1 1 1]
 [1 1 1 1 1 1 1 1 1 1]
 [1 1 1 1 1 1 1 1 1 1]
 [1 1 1 1 1 1 1 1 1 1]]","[[-1 -1 -1 -1 -1 -1 -1 -1  1 -1]
 [-1  1 -1 -1 -1 -1 -1 -1 -1 -1]
 [-1 -1 -1  1 -1 -1 -1 -1 -1 -1]
 [ 1 -1 -1 -1 -1 -1 -1 -1 -1 -1]
 [-1 -1 -1 -1 -1 -1  1 -1 -1 -1]
 [-1 -1 -1 -1 -1 -1 -1  1 -1 -1]
 [-1 -1 -1 -1  1 -1 -1 -1 -1 -1]
 [-1 -1  1 -1 -1 -1 -1 -1 -1 -1]
 [-1 -1 -1 -1 -1 -1 -1 -1 -1  1]
 [-1 -1 -1 -1 -1  1 -1 -1 -1 -1]]"
"[[1 1 1 1 1 1 1 1 1 1]
 [1 1 1 1 1 1 1 1 1 1]
 [1 1 1 1 1 1 1 1 1 1]
 [1 1 1 1 1 1 1 1 1 1]
 [1 1 1 1 1 1 1 1 1 1]
 [1 1 1 1 1 1 1 1 1 1]
 [1 1 1 1 1 1 1 1 1 1]
 [1 1 1 1 1 1 1 1 1 1]
 [1 1 1 1 1 1 1 1 1 1]
 [1 1 1 1 1 1 1 1 1 1]]","[[-1 -1 -1  1 -1 -1 -1 -1 -1 -1]
 [-1  1 -1 -1 -1 -1 -1 -1 -1 -1]
 [ 1 -1 -1 -1 -1 -1 -1 -1 -1 -1]
 [-1 -1 -1 -1 -1 -1 -1 -1  1 -1]
 [-1 -1 -1 -1 -1 -1 -1 -1 -1  1]
 [-1 -1 -1 -1  1 -1 -1 -1 -1 -1]
 [-1 -1 -1 -1 -1  1 -1 -1 -1 -1]
 [-1 -1  1 -1 -1 -1 -1 -1 -1 -1]
 [-1 -1 -1 -1 -1 -1 -1  1 -1 -1]
 [-1 -1 -1 -1 -1 -1  1 -1 -1 -1]]"
"[[1 1 1 1 1 1 1 1 1 1]
 [1 1 1 1 1 1 1 1 1 1]
 [1 1 1 1 1 1 1 1 1 1]
 [1 1 1 1 1 1 1 1 1 1]
 [1 1 1 1 1 1 1 1 1 1]
 [1 1 1 1 1 1 1 1 1 1]
 [1 1 1 1 1 1 1 1 1 1]
 [1 1 1 1 1 1 1 1 1 1]
 [1 1 1 1 1 1 1 1 1 1]
 [1 1 1 1 1 1 1 1 1 1]]","[[-1 -1 -1 -1  1 -1 -1 -1 -1 -1]
 [-1 -1  1 -1 -1 -1 -1 -1 -1 -1]
 [-1 -1 -1 -1 -1  1 -1 -1 -1 -1]
 [-1 -1 -1 -1 -1 -1 -1 -1 -1  1]
 [-1 -1 -1 -1 -1 -1  1 -1 -1 -1]
 [-1  1 -1 -1 -1 -1 -1 -1 -1 -1]
 [-1 -1 -1 -1 -1 -1 -1 -1  1 -1]
 [ 1 -1 -1 -1 -1 -1 -1 -1 -1 -1]
 [-1 -1 -1 -1 -1 -1 -1  1 -1 -1]
 [-1 -1 -1  1 -1 -1 -1 -1 -1 -1]]"
"[[1 1 1 1 1 1 1 1 1 1]
 [1 1 1 1 1 1 1 1 1 1]
 [1 1 1 1 1 1 1 1 1 1]
 [1 1 1 1 1 1 1 1 1 1]
 [1 1 1 1 1 1 1 1 1 1]
 [1 1 1 1 1 1 1 1 1 1]
 [1 1 1 1 1 1 1 1 1 1]
 [1 1 1 1 1 1 1 1 1 1]
 [1 1 1 1 1 1 1 1 1 1]
 [1 1 1 1 1 1 1 1 1 1]]","[[-1 -1  1 -1 -1 -1 -1 -1 -1 -1]
 [-1 -1 -1 -1 -1 -1 -1  1 -1 -1]
 [-1 -1 -1 -1 -1 -1 -1 -1 -1  1]
 [ 1 -1 -1 -1 -1 -1 -1 -1 -1 -1]
 [-1 -1 -1 -1 -1 -1  1 -1 -1 -1]
 [-1 -1 -1  1 -1 -1 -1 -1 -1 -1]
 [-1 -1 -1 -1 -1  1 -1 -1 -1 -1]
 [-1  1 -1 -1 -1 -1 -1 -1 -1 -1]
 [-1 -1 -1 -1 -1 -1 -1 -1  1 -1]
 [-1 -1 -1 -1  1 -1 -1 -1 -1 -1]]"
"[[1 1 1 1 1 1 1 1 1 1]
 [1 1 1 1 1 1 1 1 1 1]
 [1 1 1 1 1 1 1 1 1 1]
 [1 1 1 1 1 1 1 1 1 1]
 [1 1 1 1 1 1 1 1 1 1]
 [1 1 1 1 1 1 1 1 1 1]
 [1 1 1 1 1 1 1 1 1 1]
 [1 1 1 1 1 1 1 1 1 1]
 [1 1 1 1 1 1 1 1 1 1]
 [1 1 1 1 1 1 1 1 1 1]]","[[-1 -1 -1 -1 -1  1 -1 -1 -1 -1]
 [-1  1 -1 -1 -1 -1 -1 -1 -1 -1]
 [-1 -1 -1 -1 -1 -1 -1 -1 -1  1]
 [-1 -1 -1 -1 -1 -1 -1 -1  1 -1]
 [-1 -1 -1 -1 -1 -1  1 -1 -1 -1]
 [-1 -1 -1 -1 -1 -1 -1  1 -1 -1]
 [-1 -1  1 -1 -1 -1 -1 -1 -1 -1]
 [-1 -1 -1  1 -1 -1 -1 -1 -1 -1]
 [ 1 -1 -1 -1 -1 -1 -1 -1 -1 -1]
 [-1 -1 -1 -1  1 -1 -1 -1 -1 -1]]"
"[[1 1 1 1 1 1 1 1 1 1]
 [1 1 1 1 1 1 1 1 1 1]
 [1 1 1 1 1 1 1 1 1 1]
 [1 1 1 1 1 1 1 1 1 1]
 [1 1 1 1 1 1 1 1 1 1]
 [1 1 1 1 1 1 1 1 1 1]
 [1 1 1 1 1 1 1 1 1 1]
 [1 1 1 1 1 1 1 1 1 1]
 [1 1 1 1 1 1 1 1 1 1]
 [1 1 1 1 1 1 1 1 1 1]]","[[-1 -1  1 -1 -1 -1 -1 -1 -1 -1]
 [-1 -1 -1 -1 -1  1 -1 -1 -1 -1]
 [-1 -1 -1 -1 -1 -1  1 -1 -1 -1]
 [-1 -1 -1  1 -1 -1 -1 -1 -1 -1]
 [-1 -1 -1 -1 -1 -1 -1 -1 -1  1]
 [-1 -1 -1 -1 -1 -1 -1 -1  1 -1]
 [-1 -1 -1 -1 -1 -1 -1  1 -1 -1]
 [ 1 -1 -1 -1 -1 -1 -1 -1 -1 -1]
 [-1 -1 -1 -1  1 -1 -1 -1 -1 -1]
 [-1  1 -1 -1 -1 -1 -1 -1 -1 -1]]"
"[[1 1 1 1 1 1 1 1 1 1]
 [1 1 1 1 1 1 1 1 1 1]
 [1 1 1 1 1 1 1 1 1 1]
 [1 1 1 1 1 1 1 1 1 1]
 [1 1 1 1 1 1 1 1 1 1]
 [1 1 1 1 1 1 1 1 1 1]
 [1 1 1 1 1 1 1 1 1 1]
 [1 1 1 1 1 1 1 1 1 1]
 [1 1 1 1 1 1 1 1 1 1]
 [1 1 1 1 1 1 1 1 1 1]]","[[-1 -1 -1 -1 -1 -1  1 -1 -1 -1]
 [-1 -1 -1 -1 -1 -1 -1 -1  1 -1]
 [-1 -1 -1 -1  1 -1 -1 -1 -1 -1]
 [-1 -1 -1  1 -1 -1 -1 -1 -1 -1]
 [-1  1 -1 -1 -1 -1 -1 -1 -1 -1]
 [-1 -1 -1 -1 -1 -1 -1  1 -1 -1]
 [-1 -1 -1 -1 -1  1 -1 -1 -1 -1]
 [ 1 -1 -1 -1 -1 -1 -1 -1 -1 -1]
 [-1 -1 -1 -1 -1 -1 -1 -1 -1  1]
 [-1 -1  1 -1 -1 -1 -1 -1 -1 -1]]"
"[[1 1 1 1 1 1 1 1 1 1]
 [1 1 1 1 1 1 1 1 1 1]
 [1 1 1 1 1 1 1 1 1 1]
 [1 1 1 1 1 1 1 1 1 1]
 [1 1 1 1 1 1 1 1 1 1]
 [1 1 1 1 1 1 1 1 1 1]
 [1 1 1 1 1 1 1 1 1 1]
 [1 1 1 1 1 1 1 1 1 1]
 [1 1 1 1 1 1 1 1 1 1]
 [1 1 1 1 1 1 1 1 1 1]]","[[ 1 -1 -1 -1 -1 -1 -1 -1 -1 -1]
 [-1 -1 -1 -1 -1 -1  1 -1 -1 -1]
 [-1 -1  1 -1 -1 -1 -1 -1 -1 -1]
 [-1 -1 -1 -1 -1  1 -1 -1 -1 -1]
 [-1 -1 -1  1 -1 -1 -1 -1 -1 -1]
 [-1 -1 -1 -1 -1 -1 -1 -1  1 -1]
 [-1 -1 -1 -1  1 -1 -1 -1 -1 -1]
 [-1  1 -1 -1 -1 -1 -1 -1 -1 -1]
 [-1 -1 -1 -1 -1 -1 -1 -1 -1  1]
 [-1 -1 -1 -1 -1 -1 -1  1 -1 -1]]"
"[[1 1 1 1 1 1 1 1 1 1]
 [1 1 1 1 1 1 1 1 1 1]
 [1 1 1 1 1 1 1 1 1 1]
 [1 1 1 1 1 1 1 1 1 1]
 [1 1 1 1 1 1 1 1 1 1]
 [1 1 1 1 1 1 1 1 1 1]
 [1 1 1 1 1 1 1 1 1 1]
 [1 1 1 1 1 1 1 1 1 1]
 [1 1 1 1 1 1 1 1 1 1]
 [1 1 1 1 1 1 1 1 1 1]]","[[-1 -1 -1 -1 -1 -1 -1  1 -1 -1]
 [-1 -1 -1 -1 -1 -1 -1 -1  1 -1]
 [-1 -1 -1 -1 -1 -1 -1 -1 -1  1]
 [-1 -1 -1 -1  1 -1 -1 -1 -1 -1]
 [-1 -1 -1  1 -1 -1 -1 -1 -1 -1]
 [-1 -1 -1 -1 -1 -1  1 -1 -1 -1]
 [-1 -1 -1 -1 -1  1 -1 -1 -1 -1]
 [-1  1 -1 -1 -1 -1 -1 -1 -1 -1]
 [-1 -1  1 -1 -1 -1 -1 -1 -1 -1]
 [ 1 -1 -1 -1 -1 -1 -1 -1 -1 -1]]"
"[[1 1 1 1 1 1 1 1 1 1]
 [1 1 1 1 1 1 1 1 1 1]
 [1 1 1 1 1 1 1 1 1 1]
 [1 1 1 1 1 1 1 1 1 1]
 [1 1 1 1 1 1 1 1 1 1]
 [1 1 1 1 1 1 1 1 1 1]
 [1 1 1 1 1 1 1 1 1 1]
 [1 1 1 1 1 1 1 1 1 1]
 [1 1 1 1 1 1 1 1 1 1]
 [1 1 1 1 1 1 1 1 1 1]]","[[-1 -1 -1 -1 -1 -1  1 -1 -1 -1]
 [-1 -1 -1 -1 -1 -1 -1 -1 -1  1]
 [-1  1 -1 -1 -1 -1 -1 -1 -1 -1]
 [ 1 -1 -1 -1 -1 -1 -1 -1 -1 -1]
 [-1 -1 -1 -1 -1 -1 -1  1 -1 -1]
 [-1 -1  1 -1 -1 -1 -1 -1 -1 -1]
 [-1 -1 -1 -1 -1  1 -1 -1 -1 -1]
 [-1 -1 -1  1 -1 -1 -1 -1 -1 -1]
 [-1 -1 -1 -1  1 -1 -1 -1 -1 -1]
 [-1 -1 -1 -1 -1 -1 -1 -1  1 -1]]"
"[[1 1 1 1 1 1 1 1 1 1]
 [1 1 1 1 1 1 1 1 1 1]
 [1 1 1 1 1 1 1 1 1 1]
 [1 1 1 1 1 1 1 1 1 1]
 [1 1 1 1 1 1 1 1 1 1]
 [1 1 1 1 1 1 1 1 1 1]
 [1 1 1 1 1 1 1 1 1 1]
 [1 1 1 1 1 1 1 1 1 1]
 [1 1 1 1 1 1 1 1 1 1]
 [1 1 1 1 1 1 1 1 1 1]]","[[-1 -1 -1 -1 -1  1 -1 -1 -1 -1]
 [-1  1 -1 -1 -1 -1 -1 -1 -1 -1]
 [-1 -1 -1 -1 -1 -1  1 -1 -1 -1]
 [-1 -1 -1 -1 -1 -1 -1 -1 -1  1]
 [-1 -1 -1 -1 -1 -1 -1  1 -1 -1]
 [-1 -1 -1 -1  1 -1 -1 -1 -1 -1]
 [ 1 -1 -1 -1 -1 -1 -1 -1 -1 -1]
 [-1 -1 -1 -1 -1 -1 -1 -1  1 -1]
 [-1 -1  1 -1 -1 -1 -1 -1 -1 -1]
 [-1 -1 -1  1 -1 -1 -1 -1 -1 -1]]"
"[[1 1 1 1 1 1 1 1 1 1]
 [1 1 1 1 1 1 1 1 1 1]
 [1 1 1 1 1 1 1 1 1 1]
 [1 1 1 1 1 1 1 1 1 1]
 [1 1 1 1 1 1 1 1 1 1]
 [1 1 1 1 1 1 1 1 1 1]
 [1 1 1 1 1 1 1 1 1 1]
 [1 1 1 1 1 1 1 1 1 1]
 [1 1 1 1 1 1 1 1 1 1]
 [1 1 1 1 1 1 1 1 1 1]]","[[ 1 -1 -1 -1 -1 -1 -1 -1 -1 -1]
 [-1 -1 -1 -1 -1  1 -1 -1 -1 -1]
 [-1 -1 -1 -1 -1 -1  1 -1 -1 -1]
 [-1 -1 -1 -1 -1 -1 -1 -1  1 -1]
 [-1 -1 -1 -1  1 -1 -1 -1 -1 -1]
 [-1 -1 -1 -1 -1 -1 -1  1 -1 -1]
 [-1  1 -1 -1 -1 -1 -1 -1 -1 -1]
 [-1 -1 -1 -1 -1 -1 -1 -1 -1  1]
 [-1 -1  1 -1 -1 -1 -1 -1 -1 -1]
 [-1 -1 -1  1 -1 -1 -1 -1 -1 -1]]"
"[[1 1 1 1 1 1 1 1 1 1]
 [1 1 1 1 1 1 1 1 1 1]
 [1 1 1 1 1 1 1 1 1 1]
 [1 1 1 1 1 1 1 1 1 1]
 [1 1 1 1 1 1 1 1 1 1]
 [1 1 1 1 1 1 1 1 1 1]
 [1 1 1 1 1 1 1 1 1 1]
 [1 1 1 1 1 1 1 1 1 1]
 [1 1 1 1 1 1 1 1 1 1]
 [1 1 1 1 1 1 1 1 1 1]]","[[-1 -1 -1 -1 -1 -1  1 -1 -1 -1]
 [ 1 -1 -1 -1 -1 -1 -1 -1 -1 -1]
 [-1 -1 -1 -1  1 -1 -1 -1 -1 -1]
 [-1 -1 -1 -1 -1 -1 -1  1 -1 -1]
 [-1 -1  1 -1 -1 -1 -1 -1 -1 -1]
 [-1 -1 -1 -1 -1 -1 -1 -1  1 -1]
 [-1 -1 -1  1 -1 -1 -1 -1 -1 -1]
 [-1  1 -1 -1 -1 -1 -1 -1 -1 -1]
 [-1 -1 -1 -1 -1 -1 -1 -1 -1  1]
 [-1 -1 -1 -1 -1  1 -1 -1 -1 -1]]"
"[[-1  1  1  1  1  1  1  1  1  1]
 [ 1  1  1  1  1  1  1  1  1  1]
 [ 1  1  1  1  1  1  1  1  1  1]
 [ 1  1  1  1  1  1  1  1  1  1]
 [ 1  1  1  1  1  1  1  1  1  1]
 [ 1  1  1  1  1  1  1  1  1  1]
 [ 1  1  1  1  1  1  1  1  1  1]
 [ 1  1  1  1  1  1  1  1  1  1]
 [-1  1  1  1  1  1  1  1  1  1]
 [ 1  1 -1  1  1  1  1  1 -1  1]]","[[-1 -1 -1 -1 -1 -1 -1 -1  1 -1]
 [-1 -1 -1 -1 -1 -1 -1 -1 -1  1]
 [-1  1 -1 -1 -1 -1 -1 -1 -1 -1]
 [-1 -1 -1 -1 -1 -1  1 -1 -1 -1]
 [-1 -1 -1 -1  1 -1 -1 -1 -1 -1]
 [-1 -1 -1 -1 -1  1 -1 -1 -1 -1]
 [-1 -1 -1  1 -1 -1 -1 -1 -1 -1]
 [-1 -1 -1 -1 -1 -1 -1  1 -1 -1]
 [-1 -1  1 -1 -1 -1 -1 -1 -1 -1]
 [ 1 -1 -1 -1 -1 -1 -1 -1 -1 -1]]"
"[[1 1 1 1 1 1 1 1 1 1]
 [1 1 1 1 1 1 1 1 1 1]
 [1 1 1 1 1 1 1 1 1 1]
 [1 1 1 1 1 1 1 1 1 1]
 [1 1 1 1 1 1 1 1 1 1]
 [1 1 1 1 1 1 1 1 1 1]
 [1 1 1 1 1 1 1 1 1 1]
 [1 1 1 1 1 1 1 1 1 1]
 [1 1 1 1 1 1 1 1 1 1]
 [1 1 1 1 1 1 1 1 1 1]]","[[-1 -1 -1 -1 -1 -1 -1 -1 -1  1]
 [-1 -1 -1 -1 -1 -1  1 -1 -1 -1]
 [ 1 -1 -1 -1 -1 -1 -1 -1 -1 -1]
 [-1 -1 -1 -1 -1  1 -1 -1 -1 -1]
 [-1 -1 -1 -1 -1 -1 -1  1 -1 -1]
 [-1 -1 -1 -1  1 -1 -1 -1 -1 -1]
 [-1 -1  1 -1 -1 -1 -1 -1 -1 -1]
 [-1 -1 -1 -1 -1 -1 -1 -1  1 -1]
 [-1  1 -1 -1 -1 -1 -1 -1 -1 -1]
 [-1 -1 -1  1 -1 -1 -1 -1 -1 -1]]"
"[[1 1 1 1 1 1 1 1 1 1]
 [1 1 1 1 1 1 1 1 1 1]
 [1 1 1 1 1 1 1 1 1 1]
 [1 1 1 1 1 1 1 1 1 1]
 [1 1 1 1 1 1 1 1 1 1]
 [1 1 1 1 1 1 1 1 1 1]
 [1 1 1 1 1 1 1 1 1 1]
 [1 1 1 1 1 1 1 1 1 1]
 [1 1 1 1 1 1 1 1 1 1]
 [1 1 1 1 1 1 1 1 1 1]]","[[-1  1 -1 -1 -1 -1 -1 -1 -1 -1]
 [-1 -1 -1 -1 -1 -1  1 -1 -1 -1]
 [-1 -1 -1 -1 -1 -1 -1 -1 -1  1]
 [-1 -1 -1 -1  1 -1 -1 -1 -1 -1]
 [-1 -1 -1 -1 -1 -1 -1  1 -1 -1]
 [-1 -1 -1 -1 -1  1 -1 -1 -1 -1]
 [-1 -1  1 -1 -1 -1 -1 -1 -1 -1]
 [ 1 -1 -1 -1 -1 -1 -1 -1 -1 -1]
 [-1 -1 -1 -1 -1 -1 -1 -1  1 -1]
 [-1 -1 -1  1 -1 -1 -1 -1 -1 -1]]"
"[[1 1 1 1 1 1 1 1 1 1]
 [1 1 1 1 1 1 1 1 1 1]
 [1 1 1 1 1 1 1 1 1 1]
 [1 1 1 1 1 1 1 1 1 1]
 [1 1 1 1 1 1 1 1 1 1]
 [1 1 1 1 1 1 1 1 1 1]
 [1 1 1 1 1 1 1 1 1 1]
 [1 1 1 1 1 1 1 1 1 1]
 [1 1 1 1 1 1 1 1 1 1]
 [1 1 1 1 1 1 1 1 1 1]]","[[-1 -1 -1 -1 -1 -1 -1  1 -1 -1]
 [ 1 -1 -1 -1 -1 -1 -1 -1 -1 -1]
 [-1 -1 -1 -1  1 -1 -1 -1 -1 -1]
 [-1 -1 -1 -1 -1  1 -1 -1 -1 -1]
 [-1 -1 -1 -1 -1 -1 -1 -1 -1  1]
 [-1 -1  1 -1 -1 -1 -1 -1 -1 -1]
 [-1  1 -1 -1 -1 -1 -1 -1 -1 -1]
 [-1 -1 -1 -1 -1 -1 -1 -1  1 -1]
 [-1 -1 -1  1 -1 -1 -1 -1 -1 -1]
 [-1 -1 -1 -1 -1 -1  1 -1 -1 -1]]"
"[[1 1 1 1 1 1 1 1 1 1]
 [1 1 1 1 1 1 1 1 1 1]
 [1 1 1 1 1 1 1 1 1 1]
 [1 1 1 1 1 1 1 1 1 1]
 [1 1 1 1 1 1 1 1 1 1]
 [1 1 1 1 1 1 1 1 1 1]
 [1 1 1 1 1 1 1 1 1 1]
 [1 1 1 1 1 1 1 1 1 1]
 [1 1 1 1 1 1 1 1 1 1]
 [1 1 1 1 1 1 1 1 1 1]]","[[-1 -1 -1  1 -1 -1 -1 -1 -1 -1]
 [-1 -1 -1 -1 -1 -1 -1  1 -1 -1]
 [-1 -1 -1 -1 -1 -1 -1 -1 -1  1]
 [-1 -1 -1 -1 -1  1 -1 -1 -1 -1]
 [ 1 -1 -1 -1 -1 -1 -1 -1 -1 -1]
 [-1 -1  1 -1 -1 -1 -1 -1 -1 -1]
 [-1 -1 -1 -1 -1 -1  1 -1 -1 -1]
 [-1 -1 -1 -1  1 -1 -1 -1 -1 -1]
 [-1 -1 -1 -1 -1 -1 -1 -1  1 -1]
 [-1  1 -1 -1 -1 -1 -1 -1 -1 -1]]"
"[[1 1 1 1 1 1 1 1 1 1]
 [1 1 1 1 1 1 1 1 1 1]
 [1 1 1 1 1 1 1 1 1 1]
 [1 1 1 1 1 1 1 1 1 1]
 [1 1 1 1 1 1 1 1 1 1]
 [1 1 1 1 1 1 1 1 1 1]
 [1 1 1 1 1 1 1 1 1 1]
 [1 1 1 1 1 1 1 1 1 1]
 [1 1 1 1 1 1 1 1 1 1]
 [1 1 1 1 1 1 1 1 1 1]]","[[-1  1 -1 -1 -1 -1 -1 -1 -1 -1]
 [-1 -1 -1 -1  1 -1 -1 -1 -1 -1]
 [-1 -1 -1 -1 -1  1 -1 -1 -1 -1]
 [-1 -1 -1  1 -1 -1 -1 -1 -1 -1]
 [-1 -1 -1 -1 -1 -1  1 -1 -1 -1]
 [ 1 -1 -1 -1 -1 -1 -1 -1 -1 -1]
 [-1 -1 -1 -1 -1 -1 -1  1 -1 -1]
 [-1 -1 -1 -1 -1 -1 -1 -1  1 -1]
 [-1 -1  1 -1 -1 -1 -1 -1 -1 -1]
 [-1 -1 -1 -1 -1 -1 -1 -1 -1  1]]"
"[[1 1 1 1 1 1 1 1 1 1]
 [1 1 1 1 1 1 1 1 1 1]
 [1 1 1 1 1 1 1 1 1 1]
 [1 1 1 1 1 1 1 1 1 1]
 [1 1 1 1 1 1 1 1 1 1]
 [1 1 1 1 1 1 1 1 1 1]
 [1 1 1 1 1 1 1 1 1 1]
 [1 1 1 1 1 1 1 1 1 1]
 [1 1 1 1 1 1 1 1 1 1]
 [1 1 1 1 1 1 1 1 1 1]]","[[-1 -1 -1 -1 -1 -1 -1 -1 -1  1]
 [-1 -1 -1 -1 -1 -1  1 -1 -1 -1]
 [-1  1 -1 -1 -1 -1 -1 -1 -1 -1]
 [-1 -1 -1 -1  1 -1 -1 -1 -1 -1]
 [-1 -1 -1 -1 -1 -1 -1  1 -1 -1]
 [-1 -1 -1 -1 -1  1 -1 -1 -1 -1]
 [-1 -1 -1  1 -1 -1 -1 -1 -1 -1]
 [-1 -1  1 -1 -1 -1 -1 -1 -1 -1]
 [ 1 -1 -1 -1 -1 -1 -1 -1 -1 -1]
 [-1 -1 -1 -1 -1 -1 -1 -1  1 -1]]"
"[[1 1 1 1 1 1 1 1 1 1]
 [1 1 1 1 1 1 1 1 1 1]
 [1 1 1 1 1 1 1 1 1 1]
 [1 1 1 1 1 1 1 1 1 1]
 [1 1 1 1 1 1 1 1 1 1]
 [1 1 1 1 1 1 1 1 1 1]
 [1 1 1 1 1 1 1 1 1 1]
 [1 1 1 1 1 1 1 1 1 1]
 [1 1 1 1 1 1 1 1 1 1]
 [1 1 1 1 1 1 1 1 1 1]]","[[-1 -1 -1 -1 -1 -1  1 -1 -1 -1]
 [-1 -1 -1 -1  1 -1 -1 -1  1 -1]
 [-1  1  1 -1 -1 -1 -1 -1 -1 -1]
 [-1  1  1 -1 -1 -1 -1 -1 -1 -1]
 [-1 -1 -1 -1  1 -1 -1 -1  1 -1]
 [-1 -1 -1  1 -1  1 -1 -1 -1 -1]
 [-1 -1 -1 -1 -1 -1 -1  1 -1  1]
 [-1 -1 -1 -1 -1 -1 -1  1 -1  1]
 [ 1 -1 -1 -1 -1 -1 -1 -1 -1 -1]
 [-1 -1 -1  1 -1  1 -1 -1 -1 -1]]"
"[[1 1 1 1 1 1 1 1 1 1]
 [1 1 1 1 1 1 1 1 1 1]
 [1 1 1 1 1 1 1 1 1 1]
 [1 1 1 1 1 1 1 1 1 1]
 [1 1 1 1 1 1 1 1 1 1]
 [1 1 1 1 1 1 1 1 1 1]
 [1 1 1 1 1 1 1 1 1 1]
 [1 1 1 1 1 1 1 1 1 1]
 [1 1 1 1 1 1 1 1 1 1]
 [1 1 1 1 1 1 1 1 1 1]]","[[-1 -1 -1 -1  1 -1 -1 -1 -1 -1]
 [ 1 -1 -1 -1 -1 -1 -1 -1 -1 -1]
 [-1 -1 -1 -1 -1 -1 -1  1 -1 -1]
 [-1 -1 -1 -1 -1  1 -1 -1 -1 -1]
 [-1 -1 -1 -1 -1 -1  1 -1 -1 -1]
 [-1  1 -1 -1 -1 -1 -1 -1 -1 -1]
 [-1 -1 -1 -1 -1 -1 -1 -1  1 -1]
 [-1 -1  1 -1 -1 -1 -1 -1 -1 -1]
 [-1 -1 -1  1 -1 -1 -1 -1 -1 -1]
 [-1 -1 -1 -1 -1 -1 -1 -1 -1  1]]"
"[[1 1 1 1 1 1 1 1 1 1]
 [1 1 1 1 1 1 1 1 1 1]
 [1 1 1 1 1 1 1 1 1 1]
 [1 1 1 1 1 1 1 1 1 1]
 [1 1 1 1 1 1 1 1 1 1]
 [1 1 1 1 1 1 1 1 1 1]
 [1 1 1 1 1 1 1 1 1 1]
 [1 1 1 1 1 1 1 1 1 1]
 [1 1 1 1 1 1 1 1 1 1]
 [1 1 1 1 1 1 1 1 1 1]]","[[-1 -1 -1  1 -1 -1 -1 -1 -1 -1]
 [ 1 -1 -1 -1 -1 -1 -1 -1 -1 -1]
 [-1 -1 -1 -1 -1 -1  1 -1 -1 -1]
 [-1 -1 -1 -1 -1 -1 -1 -1  1 -1]
 [-1 -1 -1 -1  1 -1 -1 -1 -1 -1]
 [-1  1 -1 -1 -1 -1 -1 -1 -1 -1]
 [-1 -1 -1 -1 -1 -1 -1 -1 -1  1]
 [-1 -1  1 -1 -1 -1 -1 -1 -1 -1]
 [-1 -1 -1 -1 -1  1 -1 -1 -1 -1]
 [-1 -1 -1 -1 -1 -1 -1  1 -1 -1]]"
"[[1 1 1 1 1 1 1 1 1 1]
 [1 1 1 1 1 1 1 1 1 1]
 [1 1 1 1 1 1 1 1 1 1]
 [1 1 1 1 1 1 1 1 1 1]
 [1 1 1 1 1 1 1 1 1 1]
 [1 1 1 1 1 1 1 1 1 1]
 [1 1 1 1 1 1 1 1 1 1]
 [1 1 1 1 1 1 1 1 1 1]
 [1 1 1 1 1 1 1 1 1 1]
 [1 1 1 1 1 1 1 1 1 1]]","[[-1 -1  1 -1 -1 -1 -1 -1 -1 -1]
 [-1  1 -1 -1 -1 -1 -1 -1 -1 -1]
 [-1 -1 -1 -1 -1 -1 -1  1 -1 -1]
 [-1 -1 -1 -1 -1 -1 -1 -1 -1  1]
 [-1 -1 -1 -1  1 -1 -1 -1 -1 -1]
 [-1 -1 -1 -1 -1 -1 -1 -1  1 -1]
 [-1 -1 -1 -1 -1  1 -1 -1 -1 -1]
 [-1 -1 -1  1 -1 -1 -1 -1 -1 -1]
 [ 1 -1 -1 -1 -1 -1 -1 -1 -1 -1]
 [-1 -1 -1 -1 -1 -1  1 -1 -1 -1]]"
"[[1 1 1 1 1 1 1 1 1 1]
 [1 1 1 1 1 1 1 1 1 1]
 [1 1 1 1 1 1 1 1 1 1]
 [1 1 1 1 1 1 1 1 1 1]
 [1 1 1 1 1 1 1 1 1 1]
 [1 1 1 1 1 1 1 1 1 1]
 [1 1 1 1 1 1 1 1 1 1]
 [1 1 1 1 1 1 1 1 1 1]
 [1 1 1 1 1 1 1 1 1 1]
 [1 1 1 1 1 1 1 1 1 1]]","[[-1 -1 -1 -1 -1 -1  1 -1 -1 -1]
 [-1 -1 -1  1 -1 -1 -1 -1 -1 -1]
 [-1 -1 -1 -1 -1 -1 -1  1 -1 -1]
 [-1 -1 -1 -1 -1 -1 -1 -1  1 -1]
 [ 1 -1 -1 -1 -1 -1 -1 -1 -1 -1]
 [-1 -1 -1 -1 -1 -1 -1 -1 -1  1]
 [-1 -1 -1 -1 -1  1 -1 -1 -1 -1]
 [-1 -1 -1 -1  1 -1 -1 -1 -1 -1]
 [-1 -1  1 -1 -1 -1 -1 -1 -1 -1]
 [-1  1 -1 -1 -1 -1 -1 -1 -1 -1]]"
"[[1 1 1 1 1 1 1 1 1 1]
 [1 1 1 1 1 1 1 1 1 1]
 [1 1 1 1 1 1 1 1 1 1]
 [1 1 1 1 1 1 1 1 1 1]
 [1 1 1 1 1 1 1 1 1 1]
 [1 1 1 1 1 1 1 1 1 1]
 [1 1 1 1 1 1 1 1 1 1]
 [1 1 1 1 1 1 1 1 1 1]
 [1 1 1 1 1 1 1 1 1 1]
 [1 1 1 1 1 1 1 1 1 1]]","[[ 1 -1 -1 -1 -1 -1 -1 -1 -1 -1]
 [-1 -1 -1 -1  1 -1 -1 -1 -1 -1]
 [-1 -1  1 -1 -1 -1 -1 -1 -1 -1]
 [-1 -1 -1  1 -1 -1 -1 -1 -1 -1]
 [-1  1 -1 -1 -1 -1 -1 -1 -1 -1]
 [-1 -1 -1 -1 -1 -1 -1 -1  1 -1]
 [-1 -1 -1 -1 -1  1 -1 -1 -1 -1]
 [-1 -1 -1 -1 -1 -1 -1  1 -1 -1]
 [-1 -1 -1 -1 -1 -1  1 -1 -1 -1]
 [-1 -1 -1 -1 -1 -1 -1 -1 -1  1]]"
"[[1 1 1 1 1 1 1 1 1 1]
 [1 1 1 1 1 1 1 1 1 1]
 [1 1 1 1 1 1 1 1 1 1]
 [1 1 1 1 1 1 1 1 1 1]
 [1 1 1 1 1 1 1 1 1 1]
 [1 1 1 1 1 1 1 1 1 1]
 [1 1 1 1 1 1 1 1 1 1]
 [1 1 1 1 1 1 1 1 1 1]
 [1 1 1 1 1 1 1 1 1 1]
 [1 1 1 1 1 1 1 1 1 1]]","[[-1 -1 -1 -1 -1  1 -1 -1 -1 -1]
 [-1 -1 -1 -1 -1 -1 -1  1 -1 -1]
 [-1 -1 -1 -1 -1 -1 -1 -1  1 -1]
 [-1  1 -1 -1 -1 -1 -1 -1 -1 -1]
 [-1 -1  1 -1 -1 -1 -1 -1 -1 -1]
 [-1 -1 -1 -1 -1 -1 -1 -1 -1  1]
 [-1 -1 -1 -1 -1 -1  1 -1 -1 -1]
 [-1 -1 -1  1 -1 -1 -1 -1 -1 -1]
 [ 1 -1 -1 -1 -1 -1 -1 -1 -1 -1]
 [-1 -1 -1 -1  1 -1 -1 -1 -1 -1]]"
"[[1 1 1 1 1 1 1 1 1 1]
 [1 1 1 1 1 1 1 1 1 1]
 [1 1 1 1 1 1 1 1 1 1]
 [1 1 1 1 1 1 1 1 1 1]
 [1 1 1 1 1 1 1 1 1 1]
 [1 1 1 1 1 1 1 1 1 1]
 [1 1 1 1 1 1 1 1 1 1]
 [1 1 1 1 1 1 1 1 1 1]
 [1 1 1 1 1 1 1 1 1 1]
 [1 1 1 1 1 1 1 1 1 1]]","[[-1 -1 -1 -1 -1  1 -1 -1 -1 -1]
 [-1 -1 -1 -1 -1 -1 -1 -1  1 -1]
 [-1 -1 -1 -1 -1 -1 -1 -1 -1  1]
 [ 1 -1 -1 -1 -1 -1 -1 -1 -1 -1]
 [-1  1 -1 -1 -1 -1 -1 -1 -1 -1]
 [-1 -1  1 -1 -1 -1 -1 -1 -1 -1]
 [-1 -1 -1 -1 -1 -1 -1  1 -1 -1]
 [-1 -1 -1 -1 -1 -1  1 -1 -1 -1]
 [-1 -1 -1 -1  1 -1 -1 -1 -1 -1]
 [-1 -1 -1  1 -1 -1 -1 -1 -1 -1]]"
"[[1 1 1 1 1 1 1 1 1 1]
 [1 1 1 1 1 1 1 1 1 1]
 [1 1 1 1 1 1 1 1 1 1]
 [1 1 1 1 1 1 1 1 1 1]
 [1 1 1 1 1 1 1 1 1 1]
 [1 1 1 1 1 1 1 1 1 1]
 [1 1 1 1 1 1 1 1 1 1]
 [1 1 1 1 1 1 1 1 1 1]
 [1 1 1 1 1 1 1 1 1 1]
 [1 1 1 1 1 1 1 1 1 1]]","[[ 1 -1 -1 -1 -1 -1 -1 -1 -1 -1]
 [-1 -1  1 -1 -1 -1 -1 -1 -1 -1]
 [-1 -1 -1 -1 -1  1 -1 -1 -1 -1]
 [-1 -1 -1  1 -1 -1 -1 -1 -1 -1]
 [-1 -1 -1 -1  1 -1 -1 -1 -1 -1]
 [-1 -1 -1 -1 -1 -1 -1  1 -1 -1]
 [-1 -1 -1 -1 -1 -1 -1 -1 -1  1]
 [-1 -1 -1 -1 -1 -1 -1 -1  1 -1]
 [-1  1 -1 -1 -1 -1 -1 -1 -1 -1]
 [-1 -1 -1 -1 -1 -1  1 -1 -1 -1]]"
"[[1 1 1 1 1 1 1 1 1 1]
 [1 1 1 1 1 1 1 1 1 1]
 [1 1 1 1 1 1 1 1 1 1]
 [1 1 1 1 1 1 1 1 1 1]
 [1 1 1 1 1 1 1 1 1 1]
 [1 1 1 1 1 1 1 1 1 1]
 [1 1 1 1 1 1 1 1 1 1]
 [1 1 1 1 1 1 1 1 1 1]
 [1 1 1 1 1 1 1 1 1 1]
 [1 1 1 1 1 1 1 1 1 1]]","[[-1 -1 -1 -1 -1 -1 -1  1 -1 -1]
 [-1 -1 -1  1 -1 -1 -1 -1 -1 -1]
 [-1 -1 -1 -1 -1  1 -1 -1 -1 -1]
 [-1 -1 -1 -1 -1 -1  1 -1 -1 -1]
 [-1 -1 -1 -1 -1 -1 -1 -1 -1  1]
 [-1 -1 -1 -1  1 -1 -1 -1 -1 -1]
 [-1 -1 -1 -1 -1 -1 -1 -1  1 -1]
 [ 1 -1 -1 -1 -1 -1 -1 -1 -1 -1]
 [-1  1 -1 -1 -1 -1 -1 -1 -1 -1]
 [-1 -1  1 -1 -1 -1 -1 -1 -1 -1]]"
"[[1 1 1 1 1 1 1 1 1 1]
 [1 1 1 1 1 1 1 1 1 1]
 [1 1 1 1 1 1 1 1 1 1]
 [1 1 1 1 1 1 1 1 1 1]
 [1 1 1 1 1 1 1 1 1 1]
 [1 1 1 1 1 1 1 1 1 1]
 [1 1 1 1 1 1 1 1 1 1]
 [1 1 1 1 1 1 1 1 1 1]
 [1 1 1 1 1 1 1 1 1 1]
 [1 1 1 1 1 1 1 1 1 1]]","[[ 1 -1 -1 -1 -1 -1 -1 -1 -1 -1]
 [-1 -1 -1 -1 -1 -1 -1  1 -1 -1]
 [-1 -1 -1 -1 -1 -1 -1 -1  1 -1]
 [-1 -1 -1 -1 -1 -1 -1 -1 -1  1]
 [-1 -1  1 -1 -1 -1 -1 -1 -1 -1]
 [-1 -1 -1 -1 -1  1 -1 -1 -1 -1]
 [-1 -1 -1 -1  1 -1 -1 -1 -1 -1]
 [-1  1 -1 -1 -1 -1 -1 -1 -1 -1]
 [-1 -1 -1 -1 -1 -1  1 -1 -1 -1]
 [-1 -1 -1  1 -1 -1 -1 -1 -1 -1]]"
"[[1 1 1 1 1 1 1 1 1 1]
 [1 1 1 1 1 1 1 1 1 1]
 [1 1 1 1 1 1 1 1 1 1]
 [1 1 1 1 1 1 1 1 1 1]
 [1 1 1 1 1 1 1 1 1 1]
 [1 1 1 1 1 1 1 1 1 1]
 [1 1 1 1 1 1 1 1 1 1]
 [1 1 1 1 1 1 1 1 1 1]
 [1 1 1 1 1 1 1 1 1 1]
 [1 1 1 1 1 1 1 1 1 1]]","[[-1 -1 -1  1 -1 -1 -1 -1 -1 -1]
 [-1 -1 -1 -1 -1 -1 -1 -1  1 -1]
 [-1 -1  1 -1 -1 -1 -1 -1 -1 -1]
 [-1 -1 -1 -1 -1  1 -1 -1 -1 -1]
 [ 1 -1 -1 -1 -1 -1 -1 -1 -1 -1]
 [-1  1 -1 -1 -1 -1 -1 -1 -1 -1]
 [-1 -1 -1 -1 -1 -1 -1  1 -1 -1]
 [-1 -1 -1 -1 -1 -1 -1 -1 -1  1]
 [-1 -1 -1 -1  1 -1 -1 -1 -1 -1]
 [-1 -1 -1 -1 -1 -1  1 -1 -1 -1]]"
"[[1 1 1 1 1 1 1 1 1 1]
 [1 1 1 1 1 1 1 1 1 1]
 [1 1 1 1 1 1 1 1 1 1]
 [1 1 1 1 1 1 1 1 1 1]
 [1 1 1 1 1 1 1 1 1 1]
 [1 1 1 1 1 1 1 1 1 1]
 [1 1 1 1 1 1 1 1 1 1]
 [1 1 1 1 1 1 1 1 1 1]
 [1 1 1 1 1 1 1 1 1 1]
 [1 1 1 1 1 1 1 1 1 1]]","[[-1 -1  1 -1 -1 -1 -1 -1 -1 -1]
 [-1 -1 -1 -1 -1 -1 -1 -1  1 -1]
 [-1 -1 -1 -1  1 -1 -1 -1 -1 -1]
 [-1 -1 -1  1 -1 -1 -1 -1 -1 -1]
 [-1  1 -1 -1 -1 -1 -1 -1 -1 -1]
 [ 1 -1 -1 -1 -1 -1 -1 -1 -1 -1]
 [-1 -1 -1 -1 -1 -1  1 -1 -1 -1]
 [-1 -1 -1 -1 -1 -1 -1  1 -1 -1]
 [-1 -1 -1 -1 -1  1 -1 -1 -1 -1]
 [-1 -1 -1 -1 -1 -1 -1 -1 -1  1]]"
"[[1 1 1 1 1 1 1 1 1 1]
 [1 1 1 1 1 1 1 1 1 1]
 [1 1 1 1 1 1 1 1 1 1]
 [1 1 1 1 1 1 1 1 1 1]
 [1 1 1 1 1 1 1 1 1 1]
 [1 1 1 1 1 1 1 1 1 1]
 [1 1 1 1 1 1 1 1 1 1]
 [1 1 1 1 1 1 1 1 1 1]
 [1 1 1 1 1 1 1 1 1 1]
 [1 1 1 1 1 1 1 1 1 1]]","[[-1 -1 -1  1 -1 -1 -1 -1 -1 -1]
 [-1 -1 -1 -1 -1 -1 -1  1 -1 -1]
 [-1 -1 -1 -1 -1  1 -1 -1 -1 -1]
 [ 1 -1 -1 -1 -1 -1 -1 -1 -1 -1]
 [-1 -1 -1 -1  1 -1 -1 -1 -1 -1]
 [-1  1 -1 -1 -1 -1 -1 -1 -1 -1]
 [-1 -1  1 -1 -1 -1 -1 -1 -1 -1]
 [-1 -1 -1 -1 -1 -1  1 -1 -1 -1]
 [-1 -1 -1 -1 -1 -1 -1 -1  1 -1]
 [-1 -1 -1 -1 -1 -1 -1 -1 -1  1]]"
"[[1 1 1 1 1 1 1 1 1 1]
 [1 1 1 1 1 1 1 1 1 1]
 [1 1 1 1 1 1 1 1 1 1]
 [1 1 1 1 1 1 1 1 1 1]
 [1 1 1 1 1 1 1 1 1 1]
 [1 1 1 1 1 1 1 1 1 1]
 [1 1 1 1 1 1 1 1 1 1]
 [1 1 1 1 1 1 1 1 1 1]
 [1 1 1 1 1 1 1 1 1 1]
 [1 1 1 1 1 1 1 1 1 1]]","[[-1 -1 -1 -1 -1 -1 -1  1 -1 -1]
 [ 1 -1 -1 -1 -1 -1 -1 -1 -1 -1]
 [-1  1 -1 -1 -1 -1 -1 -1 -1 -1]
 [-1 -1 -1  1 -1 -1 -1 -1 -1 -1]
 [-1 -1 -1 -1  1 -1 -1 -1 -1 -1]
 [-1 -1  1 -1 -1 -1 -1 -1 -1 -1]
 [-1 -1 -1 -1 -1  1 -1 -1 -1 -1]
 [-1 -1 -1 -1 -1 -1 -1 -1  1 -1]
 [-1 -1 -1 -1 -1 -1 -1 -1 -1  1]
 [-1 -1 -1 -1 -1 -1  1 -1 -1 -1]]"
"[[1 1 1 1 1 1 1 1 1 1]
 [1 1 1 1 1 1 1 1 1 1]
 [1 1 1 1 1 1 1 1 1 1]
 [1 1 1 1 1 1 1 1 1 1]
 [1 1 1 1 1 1 1 1 1 1]
 [1 1 1 1 1 1 1 1 1 1]
 [1 1 1 1 1 1 1 1 1 1]
 [1 1 1 1 1 1 1 1 1 1]
 [1 1 1 1 1 1 1 1 1 1]
 [1 1 1 1 1 1 1 1 1 1]]","[[-1 -1  1 -1 -1 -1 -1 -1 -1 -1]
 [-1 -1 -1 -1 -1 -1  1 -1 -1 -1]
 [-1 -1 -1 -1 -1  1 -1 -1 -1 -1]
 [-1 -1 -1 -1 -1 -1 -1 -1 -1  1]
 [-1 -1 -1 -1  1 -1 -1 -1 -1 -1]
 [-1 -1 -1 -1 -1 -1 -1  1 -1 -1]
 [-1 -1 -1 -1 -1 -1 -1 -1  1 -1]
 [-1  1 -1 -1 -1 -1 -1 -1 -1 -1]
 [ 1 -1 -1 -1 -1 -1 -1 -1 -1 -1]
 [-1 -1 -1  1 -1 -1 -1 -1 -1 -1]]"
"[[1 1 1 1 1 1 1 1 1 1]
 [1 1 1 1 1 1 1 1 1 1]
 [1 1 1 1 1 1 1 1 1 1]
 [1 1 1 1 1 1 1 1 1 1]
 [1 1 1 1 1 1 1 1 1 1]
 [1 1 1 1 1 1 1 1 1 1]
 [1 1 1 1 1 1 1 1 1 1]
 [1 1 1 1 1 1 1 1 1 1]
 [1 1 1 1 1 1 1 1 1 1]
 [1 1 1 1 1 1 1 1 1 1]]","[[ 1 -1 -1 -1 -1 -1 -1 -1 -1 -1]
 [-1  1 -1 -1 -1 -1 -1 -1 -1 -1]
 [-1 -1 -1 -1 -1  1 -1 -1 -1 -1]
 [-1 -1 -1 -1  1 -1 -1 -1 -1 -1]
 [-1 -1 -1 -1 -1 -1 -1  1 -1 -1]
 [-1 -1  1 -1 -1 -1 -1 -1 -1 -1]
 [-1 -1 -1  1 -1 -1 -1 -1 -1 -1]
 [-1 -1 -1 -1 -1 -1 -1 -1 -1  1]
 [-1 -1 -1 -1 -1 -1 -1 -1  1 -1]
 [-1 -1 -1 -1 -1 -1  1 -1 -1 -1]]"
"[[1 1 1 1 1 1 1 1 1 1]
 [1 1 1 1 1 1 1 1 1 1]
 [1 1 1 1 1 1 1 1 1 1]
 [1 1 1 1 1 1 1 1 1 1]
 [1 1 1 1 1 1 1 1 1 1]
 [1 1 1 1 1 1 1 1 1 1]
 [1 1 1 1 1 1 1 1 1 1]
 [1 1 1 1 1 1 1 1 1 1]
 [1 1 1 1 1 1 1 1 1 1]
 [1 1 1 1 1 1 1 1 1 1]]","[[-1 -1 -1 -1  1 -1 -1 -1 -1 -1]
 [-1 -1 -1 -1 -1 -1 -1 -1  1 -1]
 [-1 -1 -1 -1 -1 -1 -1 -1 -1  1]
 [-1 -1 -1  1 -1 -1 -1 -1 -1 -1]
 [ 1 -1 -1 -1 -1 -1 -1 -1 -1 -1]
 [-1 -1 -1 -1 -1 -1 -1  1 -1 -1]
 [-1 -1  1 -1 -1 -1 -1 -1 -1 -1]
 [-1 -1 -1 -1 -1  1 -1 -1 -1 -1]
 [-1  1 -1 -1 -1 -1 -1 -1 -1 -1]
 [-1 -1 -1 -1 -1 -1  1 -1 -1 -1]]"
"[[1 1 1 1 1 1 1 1 1 1]
 [1 1 1 1 1 1 1 1 1 1]
 [1 1 1 1 1 1 1 1 1 1]
 [1 1 1 1 1 1 1 1 1 1]
 [1 1 1 1 1 1 1 1 1 1]
 [1 1 1 1 1 1 1 1 1 1]
 [1 1 1 1 1 1 1 1 1 1]
 [1 1 1 1 1 1 1 1 1 1]
 [1 1 1 1 1 1 1 1 1 1]
 [1 1 1 1 1 1 1 1 1 1]]","[[-1 -1 -1  1 -1 -1 -1 -1 -1 -1]
 [-1  1 -1 -1 -1 -1 -1 -1 -1 -1]
 [-1 -1 -1 -1 -1 -1  1 -1 -1 -1]
 [ 1 -1 -1 -1 -1 -1 -1 -1 -1 -1]
 [-1 -1  1 -1 -1 -1 -1 -1 -1 -1]
 [-1 -1 -1 -1  1 -1 -1 -1 -1 -1]
 [-1 -1 -1 -1 -1  1 -1 -1 -1 -1]
 [-1 -1 -1 -1 -1 -1 -1 -1  1 -1]
 [-1 -1 -1 -1 -1 -1 -1  1 -1 -1]
 [-1 -1 -1 -1 -1 -1 -1 -1 -1  1]]"
"[[1 1 1 1 1 1 1 1 1 1]
 [1 1 1 1 1 1 1 1 1 1]
 [1 1 1 1 1 1 1 1 1 1]
 [1 1 1 1 1 1 1 1 1 1]
 [1 1 1 1 1 1 1 1 1 1]
 [1 1 1 1 1 1 1 1 1 1]
 [1 1 1 1 1 1 1 1 1 1]
 [1 1 1 1 1 1 1 1 1 1]
 [1 1 1 1 1 1 1 1 1 1]
 [1 1 1 1 1 1 1 1 1 1]]","[[-1 -1 -1 -1 -1 -1 -1 -1  1 -1]
 [-1 -1 -1 -1 -1 -1 -1 -1 -1  1]
 [-1  1 -1 -1 -1 -1 -1 -1 -1 -1]
 [-1 -1 -1 -1 -1 -1 -1  1 -1 -1]
 [-1 -1 -1 -1  1 -1 -1 -1 -1 -1]
 [-1 -1  1 -1 -1 -1 -1 -1 -1 -1]
 [-1 -1 -1 -1 -1  1 -1 -1 -1 -1]
 [-1 -1 -1  1 -1 -1 -1 -1 -1 -1]
 [-1 -1 -1 -1 -1 -1  1 -1 -1 -1]
 [ 1 -1 -1 -1 -1 -1 -1 -1 -1 -1]]"
"[[1 1 1 1 1 1 1 1 1 1]
 [1 1 1 1 1 1 1 1 1 1]
 [1 1 1 1 1 1 1 1 1 1]
 [1 1 1 1 1 1 1 1 1 1]
 [1 1 1 1 1 1 1 1 1 1]
 [1 1 1 1 1 1 1 1 1 1]
 [1 1 1 1 1 1 1 1 1 1]
 [1 1 1 1 1 1 1 1 1 1]
 [1 1 1 1 1 1 1 1 1 1]
 [1 1 1 1 1 1 1 1 1 1]]","[[ 1 -1 -1 -1 -1 -1 -1 -1 -1 -1]
 [-1 -1  1 -1 -1 -1 -1 -1 -1 -1]
 [-1 -1 -1 -1 -1 -1 -1 -1 -1  1]
 [-1 -1 -1  1 -1 -1 -1  1 -1 -1]
 [-1 -1 -1 -1  1 -1 -1 -1 -1 -1]
 [-1 -1 -1  1 -1 -1 -1  1 -1 -1]
 [-1 -1 -1 -1 -1 -1  1 -1 -1 -1]
 [-1 -1 -1 -1 -1 -1 -1 -1  1 -1]
 [-1  1 -1 -1 -1 -1 -1 -1 -1 -1]
 [-1 -1 -1 -1 -1  1 -1 -1 -1 -1]]"
"[[1 1 1 1 1 1 1 1 1 1]
 [1 1 1 1 1 1 1 1 1 1]
 [1 1 1 1 1 1 1 1 1 1]
 [1 1 1 1 1 1 1 1 1 1]
 [1 1 1 1 1 1 1 1 1 1]
 [1 1 1 1 1 1 1 1 1 1]
 [1 1 1 1 1 1 1 1 1 1]
 [1 1 1 1 1 1 1 1 1 1]
 [1 1 1 1 1 1 1 1 1 1]
 [1 1 1 1 1 1 1 1 1 1]]","[[ 1 -1 -1 -1 -1 -1 -1 -1 -1 -1]
 [-1 -1 -1 -1 -1 -1 -1 -1 -1  1]
 [-1 -1 -1 -1 -1  1 -1 -1 -1 -1]
 [-1 -1 -1 -1 -1 -1  1 -1 -1 -1]
 [-1  1 -1 -1 -1 -1 -1 -1 -1 -1]
 [-1 -1 -1 -1  1 -1 -1 -1 -1 -1]
 [-1 -1 -1  1 -1 -1 -1 -1 -1 -1]
 [-1 -1 -1 -1 -1 -1 -1  1 -1 -1]
 [-1 -1 -1 -1 -1 -1 -1 -1  1 -1]
 [-1 -1  1 -1 -1 -1 -1 -1 -1 -1]]"
